filename,composer
chopin_op33_4.mid,chopin
chopin_op35_2.mid,chopin
chopin_op35_3.mid,chopin
chopin_op35_1.mid,chopin
chopin_op25_e4.mid,chopin
chopin_op33_2.mid,chopin
chopin_op35_4.mid,chopin
chopin_op25_e1.mid,chopin
chopin_op25_e3.mid,chopin
chopin_op53.mid,chopin
chopin_op25_e2.mid,chopin
chopin-p7.mid,chopin
chopin-p6.mid,chopin
chopin-p15.mid,chopin
chopin-p17.mid,chopin
chopin-p4.mid,chopin
chopin_op23.mid,chopin
chopin-p16.mid,chopin
chopin-p5.mid,chopin
chopin-p1.mid,chopin
chopin-p12.mid,chopin
chopin-p13.mid,chopin
chopin-p11.mid,chopin
chopin-p2.mid,chopin
chopin_op18.mid,chopin
chopin_op31.mid,chopin
chopin-p10.mid,chopin
chopin-p3.mid,chopin
chopin-p21.mid,chopin
chopin_op27_2.mid,chopin
chopin-p20.mid,chopin
chopin-p22.mid,chopin
chopin_op27_1.mid,chopin
chopin-p23.mid,chopin
chopin-p8.mid,chopin
chopin_op10_e12.mid,chopin
chopin-p9.mid,chopin
chopin-p18.mid,chopin
chopin-p24.mid,chopin
chopin_op10_e05.mid,chopin
chopin-p19.mid,chopin
chopin_op25_e12.mid,chopin
chopin_op7_2.mid,chopin
chopin_op25_e11.mid,chopin
chopin_op7_1.mid,chopin
chopin_op66.mid,chopin
beethoven_opus90_2.mid,beethoven
beethoven_opus90_1.mid,beethoven
beethoven_pathetique_1.mid,beethoven
beethoven_pathetique_2.mid,beethoven
beethoven_pathetique_3.mid,beethoven
beethoven_opus10_2.mid,beethoven
beethoven_opus10_3.mid,beethoven
beethoven_mond_1.mid,beethoven
beethoven_mond_3.mid,beethoven
beethoven_opus10_1.mid,beethoven
beethoven_mond_2.mid,beethoven
beethoven_elise.mid,beethoven
beethoven_les_adieux_3.mid,beethoven
beethoven_les_adieux_2.mid,beethoven
beethoven_les_adieux_1.mid,beethoven
beethoven_waldstein_3.mid,beethoven
beethoven_opus22_1.mid,beethoven
beethoven_appass_1.mid,beethoven
beethoven_waldstein_2.mid,beethoven
beethoven_opus22_2.mid,beethoven
beethoven_appass_3.mid,beethoven
beethoven_hammerklavier_4.mid,beethoven
beethoven_appass_2.mid,beethoven
beethoven_opus22_3.mid,beethoven
beethoven_waldstein_1.mid,beethoven
beethoven_hammerklavier_1.mid,beethoven
beethoven_opus22_4.mid,beethoven
beethoven_hammerklavier_3.mid,beethoven
beethoven_hammerklavier_2.mid,beethoven
haydn_43_1.mid,haydn
haydn_43_2.mid,haydn
haydn_8_4.mid,haydn
haydn_43_3.mid,haydn
haydn_8_1.mid,haydn
haydn_8_3.mid,haydn
haydn_8_2.mid,haydn
haydn_40_1.mid,haydn
haydn_40_2.mid,haydn
haydn_9_3.mid,haydn
haydn_9_2.mid,haydn
haydn_9_1.mid,haydn
haydn_7_3.mid,haydn
haydn_7_2.mid,haydn
haydn_7_1.mid,haydn
haydn_33_1.mid,haydn
haydn_33_2.mid,haydn
haydn_33_3.mid,haydn
haydn_35_1.mid,haydn
haydn_35_2.mid,haydn
haydn_35_3.mid,haydn
mozart_570_2.mid,mozart
mozart_570_3.mid,mozart
mozart_570_1.mid,mozart
mozart_330_2.mid,mozart
mozart_545_2.mid,mozart
mozart_332_1.mid,mozart
mozart_545_3.mid,mozart
mozart_330_3.mid,mozart
mozart_330_1.mid,mozart
mozart_545_1.mid,mozart
mozart_332_3.mid,mozart
mozart_332_2.mid,mozart
mozart_311_2.mid,mozart
mozart_311_3.mid,mozart
mozart_311_1.mid,mozart
mozart_333_3.mid,mozart
mozart_331_1.mid,mozart
mozart_333_2.mid,mozart
mozart_331_2.mid,mozart
mozart_331_3.mid,mozart
mozart_333_1.mid,mozart
